{
    "name": "jWizard",
    "version": "2.0.0",
    "title": "jWizard",
    "description": "A Wizard widget based on jQuery UI",
    "keywords": [ "wizard", "form", "widget", "jquery-ui" ],
    "homepage": "http://dbarnes.info/jWizard",
    "docs": "http://dbarnes.info/jWizard",
    "demo": "http://dbarnes.info/jWizard#Demonstration",
    "bugs": "https://github.com/dominicbarnes/jWizard/issues",
    "author": {
        "name": "Dominic Barnes",
        "email": "dominic@dbarnes.info",
        "url": "http://dbarnes.info/"
    },
    "licenses": [
        {
            "type": "MIT",
            "url": "http://opensource.org/licenses/MIT"
        }
    ],
    "dependencies": {
        "jquery": ">= 1.7.0",
        "jquery-ui": ">= 1.8.7"
    }
}
